"","time","delta","A","B","C","D","E","G"
"1",9.23545929975808,1,"1","1","2","2","2","3"
"2",13.7693582719658,1,"3","1","1","3","1","3"
"3",58.3292561534327,0,"1","2","2","1","1","2"
"4",58.0514427486341,0,"2","3","1","1","1","2"
"5",28.1494678214658,0,"1","3","1","2","1","2"
"6",16.7919158758596,1,"3","1","1","3","1","3"
"7",21.1214094229508,1,"1","3","2","3","2","3"
"8",64.961147848051,0,"1","1","1","1","1","2"
"9",30.2688935434446,0,"1","2","1","3","1","2"
"10",10.0943129956722,1,"2","3","3","3","1","1"
"11",24.010784426704,1,"2","3","1","3","2","1"
"12",45.5758640146814,1,"1","1","1","3","1","3"
"13",59.942533293739,0,"2","1","2","1","1","2"
"14",62.9098592835944,0,"2","3","2","1","1","3"
"15",50.9104147958569,1,"2","3","2","3","1","2"
"16",3.41105945291929,1,"3","1","2","2","2","2"
"17",25.0685920342803,1,"2","3","1","3","1","3"
"18",29.8730194717646,1,"1","3","3","3","1","3"
"19",21.5549330657814,1,"1","2","1","2","1","1"
"20",26.7985429894179,1,"2","1","2","3","1","2"
"21",24.4554647151381,1,"2","1","1","3","2","3"
"22",0.46066855895333,1,"2","1","2","1","1","2"
"23",2.50438893795945,1,"3","1","1","2","1","2"
"24",26.9697547536343,1,"2","3","1","3","2","1"
"25",10.5474342573434,1,"3","1","1","3","1","3"
"26",20.7421266450547,1,"2","1","1","3","1","1"
"27",4.06033023027703,1,"2","2","1","3","1","3"
"28",0.837150120642036,1,"2","1","1","3","2","3"
"29",2.32684679799713,0,"2","1","2","1","1","1"
"30",2.44591120630503,1,"1","3","1","2","1","3"
"31",34.6969435820356,1,"1","2","3","3","1","1"
"32",2.33674928429537,1,"2","1","2","3","2","1"
"33",18.4049702866469,1,"1","3","1","3","1","2"
"34",7.37832912616432,1,"2","1","2","3","1","1"
"35",8.23944060504436,1,"2","3","1","2","1","3"
"36",17.4387472139206,1,"2","2","2","3","1","3"
"37",11.0859453566372,1,"3","3","1","1","2","1"
"38",39.1762117408216,1,"1","1","3","3","1","2"
"39",50.3908434747718,1,"1","2","1","1","1","3"
"40",31.5939999390393,1,"2","2","1","1","1","2"
"41",0.255532796867192,0,"2","1","1","1","1","1"
"42",68.7936835186556,0,"2","3","1","3","1","2"
"43",31.6555510219187,1,"2","1","2","3","1","1"
"44",11.9295870102942,1,"2","3","1","3","1","1"
"45",8.40050474368036,1,"3","3","2","1","1","1"
"46",48.8397137480788,1,"2","1","1","1","1","2"
"47",28.4670037164819,0,"1","2","2","2","1","3"
"48",57.4496748435777,0,"2","2","2","3","2","1"
"49",33.5436012046412,1,"3","3","2","1","1","3"
"50",1.67606670991518,1,"2","1","1","2","1","1"
"51",50.4580461687874,0,"2","1","2","1","2","3"
"52",13.0812466109637,1,"2","3","2","2","1","2"
"53",0.978973808092996,0,"1","2","1","3","1","2"
"54",33.603679898195,1,"3","3","1","1","1","2"
"55",3.27038347255439,1,"3","2","2","2","1","3"
"56",7.85992136970162,1,"2","2","1","1","2","1"
"57",49.0650079182815,1,"3","2","1","1","2","3"
"58",32.9610115233809,1,"1","3","1","2","1","3"
"59",33.6306588031584,0,"1","2","2","1","1","2"
"60",64.4966086156201,0,"2","1","1","1","1","1"
"61",24.5460556093603,1,"2","1","1","3","2","3"
"62",3.31536139878444,0,"2","2","1","3","1","1"
"63",18.5586904205848,1,"2","3","1","3","1","1"
"64",11.3257835395634,1,"2","1","1","1","1","3"
"65",29.0328808929771,1,"2","3","1","1","1","3"
"66",64.5159485132899,0,"1","2","1","1","1","1"
"67",3.96648508587386,0,"2","3","1","3","2","3"
"68",34.2853224184364,1,"1","3","1","3","2","2"
"69",21.4993437929079,1,"1","3","1","2","1","3"
"70",32.5137406168506,1,"1","2","1","3","1","3"
"71",38.6967691525118,0,"2","3","1","1","1","2"
"72",3.84324311162345,1,"3","3","1","3","1","3"
"73",0.826471095206216,1,"1","1","2","2","1","1"
"74",25.0934897344559,1,"1","1","1","1","1","3"
"75",14.9600593061186,1,"1","3","1","2","1","3"
"76",62.858835590072,0,"2","1","1","1","1","2"
"77",53.9325030214153,0,"3","3","1","1","1","1"
"78",4.62526586721651,1,"3","3","1","3","1","1"
"79",20.0531683390029,0,"1","2","1","2","2","2"
"80",1.05069912155159,1,"2","2","1","2","1","2"
"81",25.9873404638842,0,"1","2","3","2","1","1"
"82",66.5695941878948,0,"2","2","1","1","2","1"
"83",1.81678439141251,1,"2","2","1","3","1","1"
"84",66.9752767721657,0,"1","2","1","1","2","2"
"85",20.8848310492467,1,"3","2","1","2","1","3"
"86",1.90082433749922,1,"1","1","1","3","1","2"
"87",19.8368907361291,1,"1","1","1","3","1","3"
"88",1.4377858745167,0,"2","3","1","2","1","2"
"89",2.45955359889194,1,"2","3","1","1","1","3"
"90",6.42424357123673,1,"2","2","2","3","2","3"
"91",4.59679137566127,1,"2","2","2","3","1","3"
"92",48.5785510879941,1,"1","3","1","1","1","1"
"93",50.4554221641738,1,"2","3","2","2","1","2"
"94",0.140999760478735,1,"1","3","3","3","1","3"
"95",18.2027549017221,1,"3","2","1","3","1","3"
"96",24.4566113483161,1,"2","3","3","2","1","1"
"97",3.62230421509594,1,"1","1","1","3","2","2"
"98",69.1357367294841,0,"1","2","1","2","1","3"
"99",35.5039481958374,1,"3","2","2","1","1","1"
"100",8.44444180824794,0,"2","2","3","3","1","3"
"101",43.6718632513192,0,"1","2","1","2","1","2"
"102",45.8904520026408,1,"2","2","2","1","1","2"
"103",4.77600941318087,1,"2","1","1","3","2","2"
"104",53.0291319771204,1,"3","2","1","2","1","2"
"105",7.05977527594659,0,"2","3","1","2","1","1"
"106",24.8229966815561,1,"3","1","1","2","2","3"
"107",11.0508330831537,0,"1","3","1","1","1","2"
"108",63.1929475897923,0,"2","1","1","1","2","2"
"109",24.5654349755496,1,"1","2","1","1","1","2"
"110",10.3685201555258,0,"3","2","2","2","2","3"
"111",26.6340177487582,1,"3","2","1","3","1","3"
"112",1.39238807256334,1,"3","2","1","1","1","1"
"113",68.5294786083978,0,"2","3","1","1","1","1"
"114",2.01309437772725,0,"2","1","1","3","1","1"
"115",9.93817947618663,1,"2","1","1","2","2","1"
"116",48.5537107409909,1,"3","2","1","2","1","1"
"117",6.03021629282739,0,"1","2","1","3","1","1"
"118",0.102790227672085,0,"1","2","2","2","2","1"
"119",17.8694618400186,1,"1","3","1","2","1","2"
"120",1.19880501297303,1,"3","1","1","2","2","1"
"121",7.16954161692411,0,"3","2","1","1","1","1"
"122",20.3033740259707,1,"3","1","1","3","1","1"
"123",27.8250864267582,0,"1","2","2","2","1","2"
"124",3.70135233970359,1,"2","3","1","2","1","1"
"125",39.3971650842577,1,"1","1","1","1","1","2"
"126",57.287093662424,0,"1","3","1","2","2","3"
"127",36.3690803302452,1,"1","2","2","1","2","3"
"128",43.9777924129739,1,"2","3","1","1","2","3"
"129",6.96058716252446,1,"2","1","1","1","2","2"
"130",16.7101964246482,0,"1","2","1","3","2","2"
"131",35.5874171266332,1,"2","1","2","1","2","3"
"132",22.3441040623235,0,"1","1","1","1","1","2"
"133",7.57648328319192,1,"2","1","2","3","1","1"
"134",10.2750637456775,1,"2","1","1","1","1","1"
"135",3.09866053517908,1,"3","1","1","1","1","1"
"136",12.5783308725804,1,"3","2","2","1","1","2"
"137",10.1334300152957,1,"2","3","2","1","1","3"
"138",43.533487515524,1,"3","3","1","1","1","3"
"139",30.3859134377213,0,"3","2","1","2","2","1"
"140",27.8311426695436,1,"2","1","2","2","1","1"
"141",3.56265508010983,0,"1","1","1","2","1","2"
"142",66.6020182932261,0,"1","3","1","2","1","2"
"143",21.5750166242942,1,"2","2","1","2","1","3"
"144",68.3810545108281,0,"1","2","1","1","1","1"
"145",38.6931288098451,0,"2","3","1","3","2","1"
"146",8.94286266155541,1,"3","2","1","2","2","1"
"147",11.9590472448617,1,"3","1","1","1","1","3"
"148",32.0578651614487,1,"2","2","1","1","1","1"
"149",10.610109873116,1,"2","2","2","3","1","1"
"150",11.8538195658475,1,"2","3","1","2","1","3"
"151",26.2733370084316,1,"1","3","1","3","2","2"
"152",30.3140445605386,0,"2","1","2","3","1","2"
"153",22.4476011421066,1,"1","2","1","3","1","1"
"154",9.12871629716828,0,"2","2","2","1","2","1"
"155",34.3906700443476,1,"2","3","3","2","1","2"
"156",20.8558614565991,1,"1","2","3","1","1","2"
"157",1.43719070940278,1,"2","1","1","2","2","2"
"158",41.0609496794641,1,"1","3","1","1","2","3"
"159",49.5059240517672,0,"2","1","1","2","1","2"
"160",40.8355234548682,0,"1","1","1","3","1","2"
"161",21.7374308146536,1,"2","2","2","3","2","3"
"162",38.202150749648,0,"2","2","2","1","1","1"
"163",6.05620806477964,1,"1","3","2","3","1","3"
"164",64.5582641109359,0,"2","2","1","2","1","3"
"165",34.2484633320244,0,"3","2","1","1","1","3"
"166",58.377425899962,0,"1","2","1","1","1","3"
"167",25.6274231919553,0,"2","2","1","3","1","3"
"168",44.8149123411393,0,"2","3","2","2","1","3"
"169",15.7051847751718,1,"1","2","1","2","1","3"
"170",61.7966968200635,0,"1","1","3","1","2","3"
"171",4.74750609602779,1,"2","2","1","1","1","1"
"172",3.51553318905644,1,"3","2","1","1","2","3"
"173",52.9191583168693,0,"1","3","3","2","1","3"
"174",0.338580338284373,1,"2","1","1","1","2","3"
"175",0.83539079176262,1,"3","1","1","2","1","2"
"176",12.1373208768899,0,"1","2","1","1","1","1"
"177",1.35493432288058,1,"2","3","1","1","1","2"
"178",4.63434583856724,1,"3","2","1","2","2","3"
"179",28.9514299146831,1,"1","1","1","2","1","1"
"180",1.14700569305569,1,"3","2","2","1","1","1"
"181",11.5130782527849,0,"1","3","3","3","1","2"
"182",59.0559319001622,0,"1","3","1","2","1","2"
"183",34.3344408180565,1,"1","3","1","1","2","1"
"184",1.77687015850097,1,"2","3","1","3","2","3"
"185",1.3086908031255,1,"3","2","1","2","1","3"
"186",61.4363689508755,0,"1","2","1","3","2","2"
"187",4.40457353950478,1,"3","3","1","1","1","3"
"188",1.75300855422392,1,"2","3","1","1","1","3"
"189",6.71585551835597,1,"1","2","2","1","1","3"
"190",35.6731738755479,1,"3","2","1","2","1","2"
"191",63.3840753175318,0,"2","3","2","1","1","2"
"192",49.6044336776249,1,"3","3","1","2","1","3"
"193",57.7070571021177,0,"2","2","1","3","1","2"
"194",41.0389968408272,1,"2","3","1","1","1","3"
"195",12.0240128245205,1,"3","1","1","1","2","1"
"196",6.80468307994306,1,"2","2","2","2","1","3"
"197",14.2683451548219,1,"1","1","1","2","1","2"
"198",30.6647857996635,0,"2","1","1","1","1","3"
"199",5.91820953206625,0,"2","1","1","2","1","1"
"200",40.7719128439203,1,"1","1","1","2","2","2"
"201",25.0345021565445,0,"2","2","1","2","1","2"
"202",24.1441846881062,1,"1","2","2","2","1","3"
"203",14.5346504478715,0,"1","3","2","2","1","3"
"204",53.2148398652207,1,"2","1","1","2","2","3"
"205",2.31533913640305,1,"2","1","1","1","1","1"
"206",1.65223388117738,1,"2","1","1","3","1","3"
"207",12.7280346248299,1,"2","1","1","1","1","1"
"208",1.33263823692687,1,"1","2","1","3","1","3"
"209",2.21133848652244,1,"3","3","2","1","1","1"
"210",12.7445007301867,1,"2","1","2","3","1","1"
"211",47.3107361113653,1,"1","2","1","2","2","2"
"212",19.5322573521407,0,"1","1","1","2","1","3"
"213",69.6915800278075,0,"2","1","1","1","1","2"
"214",13.8862340025837,0,"1","2","1","1","1","3"
"215",0.419309955323115,1,"3","3","2","2","1","3"
"216",33.1081996792927,1,"2","2","1","1","2","3"
"217",25.1630705911666,1,"1","2","1","3","2","3"
"218",55.075360058574,1,"1","3","2","1","2","3"
"219",19.0525257913396,1,"1","3","1","3","1","3"
"220",7.91481653228402,1,"2","3","1","1","1","2"
"221",13.4753707761411,1,"1","1","1","3","2","2"
"222",37.612326959148,1,"1","2","1","3","2","2"
"223",5.33025262504816,1,"1","1","1","2","1","3"
"224",32.6470906948671,1,"2","3","1","2","1","3"
"225",32.9563987189904,1,"3","2","2","1","1","3"
"226",40.0111439535394,1,"2","2","1","1","1","2"
"227",15.5965250616428,0,"1","2","2","1","1","1"
"228",27.0726181063801,1,"1","2","1","3","1","1"
"229",28.485478643328,1,"1","1","2","3","1","2"
"230",3.52214200887829,1,"1","1","2","2","2","1"
"231",12.4255845081061,1,"3","2","2","2","1","3"
"232",4.07611074973829,1,"2","1","1","1","1","1"
"233",4.6812341210898,1,"3","2","1","1","1","1"
"234",42.2539482628927,1,"1","1","1","1","2","2"
"235",2.01917168102227,1,"2","3","1","3","1","1"
"236",39.3575812056661,1,"2","1","1","2","1","3"
"237",35.5553814302664,0,"1","2","2","1","1","2"
"238",0.682093080831692,1,"1","1","1","3","1","1"
"239",0.00936058699153364,1,"3","1","1","2","1","2"
"240",22.4213127782568,1,"1","2","1","3","2","1"
"241",29.7676617726684,1,"1","1","3","3","1","2"
"242",3.01538505242206,1,"2","3","2","1","1","1"
"243",41.2354775862768,1,"2","2","1","2","1","2"
"244",43.0796124795452,1,"1","2","2","1","1","1"
"245",26.82380618155,1,"1","2","1","3","1","1"
"246",9.13660501688719,1,"2","2","2","1","2","1"
"247",9.55839896388352,1,"2","3","2","1","1","1"
"248",47.6019887006842,1,"1","3","2","1","1","2"
"249",17.2174472291954,1,"1","2","3","3","1","1"
"250",31.8483449388295,1,"2","2","2","1","1","1"
"251",36.6032690696651,0,"2","2","1","3","2","2"
"252",54.1665588030592,1,"2","3","1","1","1","3"
"253",62.5631456901319,0,"1","1","1","3","2","3"
"254",15.4424914752599,1,"2","2","1","3","1","3"
"255",9.79817973449826,1,"3","3","1","3","2","1"
"256",0.432679679943249,1,"3","3","1","3","1","3"
"257",61.9964820991736,0,"1","3","1","3","1","1"
"258",27.9033113606274,1,"1","1","1","3","1","3"
"259",57.0061410136987,0,"1","3","1","2","1","3"
"260",29.3677039258182,1,"1","3","1","3","2","2"
"261",3.51609128294513,1,"3","2","1","1","2","1"
"262",61.4377024644054,0,"2","3","1","1","2","2"
"263",3.1865547853522,1,"3","3","1","1","2","1"
"264",1.89608116401359,1,"2","1","1","3","1","3"
"265",21.1701895543374,1,"1","2","1","1","1","3"
"266",6.99165663681924,1,"2","3","2","3","1","3"
"267",22.9417329696007,1,"2","1","1","3","1","3"
"268",37.4754257621244,1,"1","1","1","1","2","3"
"269",22.2214674130082,0,"2","2","1","2","1","1"
"270",50.4434222407639,0,"3","3","1","2","1","1"
"271",54.5975929757114,1,"3","1","1","3","1","2"
"272",25.1940771760885,0,"1","1","1","1","2","3"
"273",0.593797918409109,1,"3","3","1","2","2","3"
"274",24.1622653920203,1,"3","2","1","2","2","3"
"275",8.53688106685877,1,"1","2","1","3","1","1"
"276",36.3776146806777,1,"2","2","1","1","1","3"
"277",65.1525969128124,0,"3","2","1","1","2","1"
"278",9.00094866938889,1,"3","1","1","1","1","3"
"279",12.0281799902441,0,"2","2","1","2","1","1"
"280",52.3952620846685,1,"1","1","1","1","1","2"
"281",67.4629416158423,0,"1","1","1","2","1","1"
"282",8.98390041477978,1,"1","2","1","3","1","1"
"283",8.03185463370755,0,"2","1","2","3","1","1"
"284",41.0190559327602,1,"1","3","1","2","1","3"
"285",27.4986773058772,1,"1","2","1","3","1","1"
"286",4.21273819985799,1,"3","2","2","1","1","1"
"287",0.456298352219164,1,"2","1","1","1","1","3"
"288",2.18944503604434,0,"2","3","1","2","2","3"
"289",41.3677592442138,0,"2","3","2","1","1","3"
"290",1.32805317037273,0,"2","1","2","1","2","3"
"291",12.9093851961894,0,"1","1","1","3","1","3"
"292",29.6175207662629,0,"2","3","2","3","2","3"
"293",17.1061865016818,1,"2","1","1","3","1","2"
"294",33.239365240559,1,"1","2","1","1","2","2"
"295",5.68124035745859,1,"2","2","1","3","1","3"
"296",67.7719870456494,0,"2","2","1","2","1","1"
"297",24.7190659027547,1,"1","2","2","2","1","3"
"298",5.87359497137368,1,"2","3","2","2","1","2"
"299",9.87857494316995,1,"3","3","1","1","2","3"
"300",15.2426535733975,1,"1","1","1","2","1","1"
"301",41.2497512996197,1,"1","2","1","2","1","3"
"302",0.410304830875248,1,"3","2","1","2","1","3"
"303",4.83328805421479,1,"2","1","1","1","2","3"
"304",2.48814142944757,0,"1","3","1","1","1","3"
"305",34.7039789129049,1,"2","3","1","3","1","3"
"306",22.1696301246993,0,"2","3","1","1","2","3"
"307",1.77367517319508,0,"1","1","1","1","1","3"
"308",36.6977792187827,0,"3","2","2","1","2","1"
"309",15.906419808045,1,"3","3","1","3","1","1"
"310",53.8155599380843,1,"3","2","1","3","1","2"
"311",4.55581427551806,1,"3","1","1","1","1","1"
"312",0.368493349524215,1,"3","1","1","1","1","2"
"313",0.271160587435588,1,"2","1","1","2","1","2"
"314",21.2692330054007,0,"2","2","1","3","1","3"
"315",35.9895886247978,1,"1","1","1","1","1","2"
"316",65.9001023625024,0,"2","3","1","2","1","3"
"317",62.4794773042668,0,"1","2","2","1","1","2"
"318",26.0312999633839,0,"2","2","1","2","1","1"
"319",16.0931850771885,1,"2","2","1","1","2","2"
"320",36.6048145983368,1,"1","1","3","1","1","2"
"321",21.039555353811,1,"2","2","1","2","1","1"
"322",60.7835736020934,0,"1","2","1","1","1","1"
"323",4.08635576837696,1,"3","2","1","3","1","1"
"324",40.09892943874,1,"1","2","1","2","2","2"
"325",45.3459420135245,0,"1","1","2","1","1","3"
"326",11.3051232416183,1,"3","2","1","3","1","1"
"327",14.120764360996,1,"2","1","1","3","1","3"
"328",9.21343666687608,1,"3","2","2","3","2","2"
"329",3.98752822889946,1,"3","3","1","2","2","3"
"330",8.67806577496231,1,"1","2","1","2","1","1"
"331",46.4715274263872,0,"1","1","1","1","1","1"
"332",68.8854576917365,0,"1","2","1","3","2","1"
"333",36.7231863467023,1,"1","2","1","1","1","3"
"334",61.3002849558834,0,"3","1","2","3","1","1"
"335",16.6584186570253,1,"1","1","1","1","2","1"
"336",4.8672961932607,1,"2","1","1","2","1","3"
"337",34.3918076334521,1,"1","2","1","2","1","3"
"338",7.5793626752682,0,"3","1","1","2","2","1"
"339",18.3578939849976,1,"2","3","1","3","1","3"
"340",12.5954401772469,1,"3","3","2","1","1","2"
"341",24.5504073482007,1,"1","2","1","1","1","1"
"342",5.81658585555851,1,"3","1","2","2","2","1"
"343",2.32069684814196,0,"2","2","1","3","2","3"
"344",52.3277367900358,0,"1","3","1","1","1","1"
"345",26.7762264457298,0,"1","1","2","3","1","2"
"346",4.96914864052087,1,"3","1","1","3","1","2"
"347",2.5694506673608,1,"3","1","3","1","1","1"
"348",68.150077263359,0,"1","1","2","2","1","1"
"349",36.1841585226357,1,"1","2","1","3","1","2"
"350",38.57729334943,1,"1","2","1","1","1","3"
"351",20.0585481582675,1,"1","1","1","2","2","3"
"352",38.8285346582765,0,"1","2","1","1","1","2"
"353",10.2683860100806,1,"2","1","1","3","1","1"
"354",35.0646588192321,0,"2","2","1","3","1","3"
"355",69.9179616570473,0,"2","3","1","1","2","2"
"356",60.503121286165,0,"1","1","1","1","1","1"
"357",28.8794497121125,1,"2","3","1","2","1","3"
"358",2.00946431956254,1,"3","3","1","3","1","3"
"359",58.1481801385526,0,"2","2","1","1","1","1"
"360",19.5419844513992,0,"1","3","2","1","1","1"
"361",36.4675473887473,1,"1","2","2","3","2","3"
"362",63.8224136903882,0,"1","3","1","3","1","3"
"363",17.2217725389637,1,"2","2","1","3","1","2"
"364",27.7708031484624,0,"2","2","3","1","1","1"
"365",0.717382610309869,1,"2","3","1","2","1","1"
"366",19.0361761632375,1,"2","2","1","3","1","3"
"367",0.980832260102034,1,"3","1","1","2","1","1"
"368",38.245957669802,1,"1","3","1","1","1","3"
"369",1.9211672549136,1,"2","2","3","2","2","3"
"370",51.4159497142769,0,"1","1","1","2","1","1"
"371",4.11750542582013,1,"3","3","1","1","1","2"
"372",60.5247398545034,0,"3","2","1","2","2","2"
"373",60.3408256894909,0,"3","3","1","1","1","3"
"374",12.4160055927932,1,"3","2","1","2","2","3"
"375",27.0587446670979,1,"2","3","1","2","1","1"
"376",5.07314891554415,1,"2","2","2","2","1","1"
"377",37.7748807612807,1,"1","2","1","1","1","2"
"378",3.00118945073336,1,"2","2","1","1","2","1"
"379",68.4253176110797,0,"2","3","1","2","1","3"
"380",2.38658715970814,1,"1","2","1","2","2","1"
"381",16.3717919545947,0,"1","2","1","1","1","3"
"382",28.9960717856884,1,"1","2","1","1","1","2"
"383",0.351044002454728,1,"3","1","2","1","1","1"
"384",10.4133212789893,1,"3","3","1","1","2","3"
"385",31.1201097071171,1,"1","1","1","2","1","3"
"386",40.082687087357,1,"1","2","1","1","1","3"
"387",20.4318897819612,1,"1","3","3","3","1","3"
"388",2.19272745577618,0,"3","2","2","2","1","3"
"389",61.750044104876,0,"2","3","1","1","1","1"
"390",41.724202320911,1,"3","2","1","2","2","1"
"391",43.9905615663156,1,"1","2","2","2","2","3"
"392",31.3790659774095,1,"2","2","2","2","1","2"
"393",1.28061178838834,1,"2","3","3","3","1","2"
"394",31.918742471654,0,"2","3","1","2","1","1"
"395",46.7838556170464,1,"1","2","1","3","1","2"
"396",64.3744972057175,0,"1","2","1","1","1","1"
"397",36.1629164610058,1,"3","3","2","2","1","1"
"398",2.19503555330448,1,"3","2","1","2","1","2"
"399",19.6100482727401,0,"2","2","2","2","2","2"
"400",37.3840815778822,1,"1","3","2","3","1","3"
"401",8.60601642914116,1,"1","3","1","1","2","3"
"402",43.2828398048878,1,"3","1","1","3","2","2"
"403",30.6295876111835,1,"3","1","1","1","1","3"
"404",11.4955543894321,1,"3","3","1","1","1","1"
"405",29.9609701254405,0,"2","2","2","1","1","1"
"406",47.9817664981354,0,"2","1","1","3","2","2"
"407",18.252025705995,1,"1","3","1","3","1","2"
"408",59.3282870855182,0,"1","3","1","2","1","2"
"409",20.1978227542713,1,"1","2","1","3","1","3"
"410",69.0352107293438,0,"2","3","3","1","1","2"
"411",18.8067968590884,0,"2","2","2","3","2","2"
"412",26.5961487229215,0,"1","1","1","1","1","3"
"413",14.2617033503484,1,"3","3","1","2","1","3"
"414",67.6171148354188,0,"1","3","1","1","1","2"
"415",30.1422004140913,1,"3","2","1","3","1","1"
"416",11.0365629049251,0,"2","2","1","1","1","1"
"417",65.5351633173414,0,"2","2","1","2","1","2"
"418",41.0223899772391,1,"1","1","2","2","1","1"
"419",10.0518264099956,1,"2","3","1","3","1","2"
"420",22.5805664025247,1,"1","3","1","3","1","1"
"421",8.34245515416842,0,"1","2","1","2","1","2"
"422",24.7412747492781,0,"3","2","1","2","2","3"
"423",3.53474297211505,1,"1","2","1","1","2","3"
"424",43.3400359088555,1,"1","2","1","2","2","3"
"425",19.7167440172751,0,"1","3","1","2","2","3"
"426",30.422000747174,1,"1","2","1","3","1","1"
"427",19.4220433249138,1,"1","1","1","2","1","3"
"428",28.5529815778136,1,"1","1","2","3","1","3"
"429",6.07465807483532,0,"2","2","1","2","1","3"
"430",1.57146148267202,1,"1","3","1","1","1","1"
"431",12.7082820255309,1,"2","1","1","2","1","3"
"432",4.33957771398127,1,"1","1","1","3","2","3"
"433",57.7473806638736,0,"1","1","1","1","1","1"
"434",7.33261754177511,1,"2","2","1","1","1","2"
"435",31.5495124831796,1,"2","3","1","2","1","3"
"436",4.34632708318532,1,"3","2","1","3","1","3"
"437",30.9635688221548,0,"2","2","1","2","1","1"
"438",7.43391070887446,1,"2","3","1","1","1","1"
"439",58.7248028162867,0,"3","3","1","1","2","1"
"440",27.8509028088301,1,"3","2","2","2","1","3"
"441",62.8033854612149,0,"1","1","1","2","1","1"
"442",15.5696178732906,1,"1","2","2","3","1","3"
"443",60.2730042547919,0,"2","2","1","2","1","2"
"444",30.7778865722707,0,"1","1","3","2","1","3"
"445",18.6481474685017,0,"1","2","1","3","1","2"
"446",2.72260994068347,1,"3","2","1","1","1","2"
"447",40.0660320552532,0,"1","3","1","1","1","1"
"448",5.74715312384069,1,"3","1","1","3","1","2"
"449",21.3986948583741,0,"1","2","2","3","2","2"
"450",32.0387017643079,1,"1","2","1","1","1","1"
"451",35.8087677834556,1,"2","3","1","2","1","2"
"452",35.7573052113876,1,"2","1","2","1","1","1"
"453",12.4683942254633,1,"2","2","1","2","1","1"
"454",39.0944113322068,0,"1","1","2","1","2","2"
"455",11.2629690729082,1,"2","2","2","2","2","1"
"456",54.9399248214206,0,"1","1","3","1","1","2"
"457",66.1903769266792,0,"1","3","2","1","1","3"
"458",55.9698584720027,1,"1","3","1","1","1","2"
"459",17.5759436034132,1,"2","2","1","1","1","3"
"460",61.7225077643525,0,"1","2","1","2","1","1"
"461",13.472707124427,1,"2","3","3","3","1","3"
"462",65.8272091366816,0,"1","3","1","2","1","3"
"463",51.118689850904,1,"1","2","2","1","1","3"
"464",53.2726692756638,0,"2","2","2","3","1","3"
"465",29.7744487319142,1,"1","2","1","3","1","3"
"466",3.00331473001279,1,"1","1","1","1","1","3"
"467",61.2260150604416,0,"1","1","1","3","2","2"
"468",22.591771927895,1,"1","2","1","2","2","1"
"469",8.99292470514774,1,"3","1","2","3","1","1"
"470",15.5610145016108,1,"2","2","1","2","1","1"
"471",61.6813574931584,0,"1","3","1","1","1","2"
"472",21.5685541660059,1,"1","3","1","3","1","2"
"473",13.3702476343606,1,"1","3","3","3","1","3"
"474",3.51036706357263,1,"3","3","1","1","2","2"
"475",59.0633422320243,0,"1","2","1","1","1","1"
"476",53.3872262325604,1,"2","2","1","2","1","3"
"477",29.4303810410202,1,"1","2","3","3","1","2"
"478",3.26853251433931,1,"3","1","1","1","1","1"
"479",55.7535636937246,1,"2","1","1","1","1","3"
"480",28.2435056082904,1,"2","2","1","2","1","1"
"481",1.51654211527202,0,"1","3","2","2","1","3"
"482",0.459581561153755,1,"3","2","1","3","1","1"
"483",19.526453966042,1,"1","1","1","3","1","2"
"484",37.1001188475639,1,"2","3","1","1","1","2"
"485",51.3603431247175,1,"2","2","1","1","2","3"
"486",40.0847549643368,1,"2","3","1","2","1","3"
"487",59.9112317583058,0,"1","3","1","1","2","1"
"488",41.1067970916629,1,"2","2","2","2","1","2"
"489",15.9620508085703,0,"2","2","2","3","2","1"
"490",3.93516737851314,1,"3","2","1","2","1","1"
"491",9.55476615391672,1,"3","1","1","3","1","2"
"492",59.8717598407529,0,"1","1","2","2","1","3"
"493",19.9517501224764,1,"1","2","2","3","1","3"
"494",53.6619908038992,1,"1","3","1","1","1","3"
"495",54.4027222939767,1,"1","3","1","1","1","3"
"496",6.51362310536206,1,"2","2","1","3","1","1"
"497",4.27747320267372,1,"2","3","1","1","2","3"
"498",1.06728534912691,1,"2","1","1","1","1","3"
"499",25.4316286835819,1,"1","1","1","2","1","3"
"500",25.6442718245089,1,"1","1","1","2","1","1"
"501",65.7751189235132,0,"2","2","1","3","1","2"
"502",35.4075967899058,0,"1","2","2","2","1","1"
"503",28.7926653884351,1,"2","3","1","1","1","1"
"504",1.92289065453224,1,"2","3","1","2","1","1"
"505",19.9918498867191,1,"2","1","1","2","1","3"
"506",12.1646987952525,0,"1","2","1","2","1","3"
"507",52.3294203425758,1,"1","2","1","1","2","3"
"508",24.8416864089668,1,"2","3","1","2","1","1"
"509",65.2191564813256,0,"2","2","2","1","1","1"
"510",0.305167257320136,1,"3","2","1","2","2","2"
"511",17.5772579123732,1,"1","2","2","2","1","3"
"512",8.51685121096671,1,"2","1","1","2","1","1"
"513",6.25151550211012,1,"1","1","1","3","1","3"
"514",6.04631574451923,1,"2","1","1","1","1","3"
"515",30.981050549075,1,"2","2","1","3","2","2"
"516",16.9665284781484,0,"2","3","2","2","1","2"
"517",4.26101760356687,1,"3","1","1","3","1","2"
"518",7.80611147149466,0,"1","1","1","1","1","1"
"519",57.1689596562646,0,"2","3","1","1","2","1"
"520",7.32745376415551,1,"2","3","2","1","1","1"
"521",18.8269617259502,1,"2","2","1","2","1","2"
"522",4.85019995947368,1,"2","3","2","2","2","1"
"523",4.23297071480192,1,"1","1","1","3","2","3"
"524",35.6318673636066,0,"1","3","3","1","1","3"
"525",12.1825536582619,1,"2","1","1","3","1","2"
"526",61.229282928165,0,"1","3","2","3","1","2"
"527",0.546576009131968,0,"2","3","1","1","1","2"
"528",16.8835762059316,1,"2","2","1","2","1","1"
"529",5.31905246153474,1,"2","1","1","3","2","1"
"530",36.4454398006201,1,"1","3","1","2","1","2"
"531",1.70834567979909,1,"3","3","1","1","1","2"
"532",29.700318607036,0,"2","3","1","1","1","1"
"533",0.692693500313908,1,"1","2","2","1","1","2"
"534",43.8867840968538,0,"3","1","1","3","1","3"
"535",26.3795044720173,1,"3","2","2","2","1","3"
"536",9.53713065758348,1,"2","2","1","1","1","3"
"537",43.3898551389575,1,"2","1","1","1","1","3"
"538",35.9470552513143,0,"1","3","2","1","1","3"
"539",47.361144886585,1,"1","2","1","1","1","3"
"540",41.3540030056611,1,"1","1","3","3","1","2"
"541",6.40900420770049,1,"2","2","1","1","2","3"
"542",57.5815501359757,0,"2","3","1","2","1","1"
"543",66.1750569774304,0,"1","2","2","1","1","2"
"544",18.5163755570538,1,"2","2","2","3","1","2"
"545",39.4708343533566,0,"1","2","1","1","2","2"
"546",47.3448022275697,1,"1","2","1","1","1","1"
"547",11.1089604310691,1,"2","3","1","2","1","1"
"548",6.90052848868072,1,"3","2","1","1","2","2"
"549",28.2718475479633,1,"2","1","1","2","2","1"
"550",29.0819629002362,1,"1","3","1","1","1","3"
"551",44.7970494470326,0,"2","3","1","2","1","3"
"552",18.5839336006902,0,"1","2","2","3","1","3"
"553",18.2914441104513,1,"2","2","1","3","1","1"
"554",12.0352778125554,0,"3","3","1","2","1","2"
"555",2.15187449939549,1,"2","2","1","3","2","1"
"556",5.50384965725243,1,"1","3","1","2","1","1"
"557",43.2970579490066,1,"1","2","2","2","1","2"
"558",40.7582319574431,1,"3","1","1","1","1","3"
"559",46.7684245146811,1,"1","1","1","3","1","3"
"560",26.316839300096,1,"1","1","2","2","1","3"
"561",48.9816691628657,1,"2","2","2","1","1","2"
"562",31.1985828317702,1,"1","1","3","2","1","1"
"563",0.370780183002353,1,"1","1","2","1","2","3"
"564",35.5544278305024,1,"1","2","1","2","2","2"
"565",2.50869680312462,1,"1","3","1","1","2","3"
"566",21.5271089749876,1,"1","3","2","3","1","3"
"567",40.8245707647875,1,"2","2","1","3","1","1"
"568",19.9050215079915,1,"2","2","1","1","1","1"
"569",47.6087973141111,1,"1","2","1","1","2","2"
"570",12.5945845972747,1,"3","2","1","1","1","1"
"571",58.266007805476,0,"2","2","1","2","1","3"
"572",0.770074450410903,1,"2","2","1","3","1","1"
"573",14.1715457930695,1,"2","1","3","3","1","1"
"574",62.4154766243882,0,"1","1","3","2","1","1"
"575",10.810496289283,1,"3","3","1","3","2","3"
"576",14.0065134239383,0,"2","3","1","2","1","1"
"577",3.10156962368637,1,"1","2","1","3","1","1"
"578",54.4830715321004,1,"2","2","1","1","1","1"
"579",1.77630227874033,1,"2","3","2","2","1","3"
"580",1.97588125709444,1,"3","3","1","1","1","1"
"581",14.7548047299497,1,"3","2","1","2","1","1"
"582",2.57136541418731,1,"1","1","2","1","2","3"
"583",0.352345163701102,1,"2","3","1","2","1","1"
"584",17.5629295944003,0,"3","2","1","1","2","1"
"585",19.6589413387701,1,"2","2","1","2","2","3"
"586",23.1291940102587,0,"3","3","1","3","1","3"
"587",11.7126341257244,1,"1","1","2","2","2","1"
"588",28.7359918486327,1,"2","2","2","2","1","3"
"589",11.9626254737377,1,"3","1","1","1","1","3"
"590",24.7112869694829,1,"3","1","1","1","2","1"
"591",38.5387363533024,0,"1","1","1","2","1","1"
"592",28.1954603820574,0,"2","1","2","1","1","1"
"593",1.47227331763133,1,"3","1","1","1","1","3"
"594",0.967775153671391,0,"1","3","1","2","1","2"
"595",18.9442469060887,1,"3","2","1","3","1","1"
"596",68.5609055107925,0,"1","2","2","1","1","3"
"597",59.0587096475065,0,"1","3","2","2","2","3"
"598",0.768813061295077,1,"1","1","3","2","1","2"
"599",34.6819620980648,0,"3","3","1","1","1","1"
"600",12.5580445937812,1,"3","2","1","1","1","1"
"601",45.5384518788196,1,"1","3","2","1","1","2"
"602",7.26512144119479,0,"1","3","2","2","2","2"
"603",7.76245404593647,1,"3","1","1","2","1","2"
"604",2.89314221823588,1,"3","1","1","3","1","3"
"605",37.7051329724491,1,"1","3","1","1","1","2"
"606",18.1443699506111,0,"3","3","1","1","1","2"
"607",9.58502185645047,0,"2","2","2","1","1","2"
"608",57.2520503413398,0,"1","2","2","2","1","2"
"609",14.0867355629336,0,"2","3","1","3","1","2"
"610",26.5212484486401,1,"1","3","1","3","1","1"
"611",2.77235909830779,1,"2","2","1","1","1","1"
"612",4.09321914929897,0,"2","1","1","1","2","1"
"613",25.4601180465193,0,"1","3","2","1","1","3"
"614",1.41466406881809,0,"3","2","1","1","2","1"
"615",10.3747566845268,1,"2","3","1","2","2","3"
"616",0.948483950924128,1,"2","1","2","1","1","2"
"617",4.08102599554695,1,"3","2","1","2","1","1"
"618",9.15131219476461,1,"3","2","3","3","1","1"
"619",12.4713197648525,1,"1","1","1","2","1","1"
"620",32.7640688149258,1,"3","3","1","2","2","2"
"621",13.339347607689,1,"1","3","1","3","1","1"
"622",37.7298228349537,1,"2","3","3","3","1","2"
"623",41.9784435015172,1,"1","2","1","2","1","3"
"624",22.8513267789036,0,"1","2","1","1","1","1"
"625",27.5994729977101,1,"1","3","1","2","1","1"
"626",9.9689924325794,1,"1","3","1","3","2","1"
"627",8.05835584923625,1,"3","1","1","1","1","3"
"628",20.6610817133915,1,"3","1","2","2","2","2"
"629",13.7803142368793,0,"2","3","1","1","1","3"
"630",4.82351184007712,1,"3","1","1","3","1","2"
"631",14.7215675017796,1,"2","2","1","1","1","3"
"632",3.14050554763526,1,"1","1","1","2","1","1"
"633",31.8345615137368,1,"3","2","1","3","1","1"
"634",20.7536617349833,1,"3","2","1","3","1","3"
"635",22.0537226719316,1,"1","2","1","2","1","3"
"636",2.36622968805023,1,"1","3","1","2","1","1"
"637",12.1712282491382,0,"1","2","1","3","1","3"
"638",21.2708352087066,1,"1","1","1","3","1","1"
"639",3.00068955519237,1,"2","1","2","3","1","1"
"640",27.3340588717954,0,"1","2","1","3","1","3"
"641",9.20300985127687,1,"2","2","1","2","1","3"
"642",43.515122178942,1,"1","2","1","1","2","3"
"643",21.0350192291662,1,"1","2","1","3","1","3"
"644",18.1456502168439,1,"2","1","2","3","2","1"
"645",15.7323511557188,1,"2","1","3","3","1","3"
"646",1.84688842413016,0,"1","3","1","2","1","1"
"647",41.7099069962278,1,"1","3","1","1","1","3"
"648",17.9000234202715,0,"2","2","1","1","1","3"
"649",22.6524640948046,1,"1","1","1","3","1","3"
"650",23.8359800048638,1,"2","1","1","2","1","3"
"651",34.9314125906676,1,"3","3","1","1","1","3"
"652",50.6575323694851,1,"1","3","1","3","1","2"
"653",0.873503794427961,1,"2","1","1","2","1","2"
"654",57.0188891226426,0,"1","3","1","1","2","2"
"655",11.5908137567341,0,"2","1","1","2","1","1"
"656",7.70702844485641,1,"2","3","2","2","1","2"
"657",23.8538392952178,1,"1","3","1","3","2","3"
"658",48.9343360234052,1,"1","2","1","1","1","1"
"659",24.8877067093505,0,"2","2","1","2","1","3"
"660",23.6593292396283,0,"1","2","2","3","1","3"
"661",11.6982302851975,1,"3","2","3","1","2","2"
"662",59.328154012328,0,"1","2","1","2","1","1"
"663",9.23751353286207,1,"2","3","1","2","1","3"
"664",9.30527976341546,1,"2","2","2","3","2","1"
"665",21.3292177319527,1,"1","2","2","3","2","3"
"666",16.8648509029299,1,"1","2","2","2","1","3"
"667",0.767202567076311,1,"3","3","1","3","1","3"
"668",20.9180844279472,1,"2","2","1","2","1","1"
"669",3.63562268437818,1,"1","1","1","2","1","2"
"670",28.3284438531846,1,"2","2","1","3","1","3"
"671",13.764369801851,1,"1","2","1","2","2","3"
"672",33.5152086699381,1,"2","1","2","3","1","2"
"673",4.67706629191525,1,"3","1","1","2","1","1"
"674",55.4558876697673,0,"2","2","1","1","1","1"
"675",5.65206106565893,1,"3","3","1","2","1","1"
"676",68.3936817143112,0,"2","3","1","1","2","2"
"677",67.2983704388607,0,"2","2","1","1","2","3"
"678",62.0067033884116,0,"1","1","1","2","1","3"
"679",27.7307467609644,1,"1","2","1","1","1","1"
"680",29.7675659023225,1,"1","3","1","3","1","3"
"681",46.4003293088172,1,"2","2","1","2","1","1"
"682",9.70662399567664,1,"1","3","1","3","2","3"
"683",68.7703238239046,0,"1","3","2","2","1","3"
"684",32.1021006526425,1,"3","3","2","1","2","2"
"685",68.2096217575017,0,"1","3","1","3","1","2"
"686",28.480965571478,1,"2","3","1","2","1","3"
"687",66.8981704306789,0,"1","2","2","2","2","1"
"688",54.0525682205334,1,"1","2","1","1","1","2"
"689",10.5035470828414,0,"2","2","2","3","1","2"
"690",3.0984908528626,1,"3","1","1","1","1","1"
"691",4.16226872126572,1,"1","3","2","1","2","3"
"692",0.126500671333633,0,"1","2","1","3","1","1"
"693",8.98467742651701,1,"1","1","1","2","1","2"
"694",33.8470660814317,0,"2","1","2","1","1","2"
"695",29.7004508245736,1,"2","3","1","2","1","3"
"696",28.490881496435,0,"1","3","1","1","1","2"
"697",32.752539107576,1,"3","2","1","1","1","3"
"698",4.68304734476842,0,"2","3","1","1","2","3"
"699",22.6955719179939,0,"1","2","2","1","1","3"
"700",3.96611797506921,1,"3","1","1","3","1","2"
"701",53.6911253090948,1,"2","1","1","1","1","1"
"702",0.125172757543623,1,"3","2","1","3","1","1"
"703",16.7640317750629,1,"3","1","2","3","1","3"
"704",15.6045366006438,1,"1","3","1","3","1","1"
"705",25.1450436934829,1,"1","2","3","3","2","1"
"706",57.5279373766389,0,"2","2","1","1","1","3"
"707",42.1511966157705,1,"2","2","1","2","1","1"
"708",69.9605650608428,0,"3","3","1","2","2","3"
"709",22.9545061695389,1,"1","2","1","3","1","3"
"710",1.61758694215678,1,"2","2","1","2","2","1"
"711",48.4669665771071,1,"2","2","2","2","1","2"
"712",5.77857346087694,1,"2","2","1","3","2","1"
"713",3.66641388274729,1,"2","2","1","1","1","2"
"714",23.7291134412633,0,"1","3","1","3","1","3"
"715",22.1467733597616,0,"2","3","1","1","1","1"
"716",1.18146476452239,1,"3","3","3","2","1","3"
"717",40.426982074976,1,"3","3","1","3","1","3"
"718",16.1824012802448,0,"1","1","1","1","1","3"
"719",12.8276096973568,1,"1","2","1","2","2","3"
"720",1.10505419201218,1,"1","3","2","3","2","1"
"721",9.60694760046899,0,"2","2","1","3","2","3"
"722",14.3117615506053,1,"3","1","1","3","1","3"
"723",5.13939489983022,1,"3","1","1","2","1","1"
"724",6.36719105835073,0,"2","2","1","3","1","2"
"725",53.0639280360192,1,"1","1","1","2","1","3"
"726",12.5084986314178,1,"1","3","1","3","2","3"
"727",28.5114406943321,1,"1","1","2","2","1","1"
"728",12.2967496510595,0,"1","1","1","2","2","1"
"729",25.7816695477813,1,"3","1","1","3","2","2"
"730",7.72563414089382,1,"3","2","2","1","2","1"
"731",11.6796796321869,1,"3","3","1","1","2","2"
"732",60.0603728499264,0,"2","3","1","2","1","2"
"733",29.6520461589098,1,"2","2","1","1","2","3"
"734",23.5351671657991,1,"3","2","1","3","1","3"
"735",10.9765708837658,1,"2","3","2","2","1","3"
"736",0.0911937013734132,1,"3","1","1","1","1","3"
"737",1.36125730583444,1,"2","3","1","3","1","2"
"738",46.4677101052366,1,"1","3","2","2","2","2"
"739",51.7358665512875,0,"2","1","2","1","1","2"
"740",2.72540483507328,1,"3","2","1","1","2","3"
"741",21.8103098962456,1,"2","2","1","3","1","3"
"742",19.0394710558467,1,"1","1","1","3","1","1"
"743",4.95374819380231,1,"3","1","1","2","1","3"
"744",0.758515205234289,1,"1","1","3","3","1","3"
"745",4.350924086757,1,"1","1","1","2","1","1"
"746",25.9952265266329,1,"3","3","1","2","1","3"
"747",44.8132689883932,1,"1","2","1","1","1","1"
"748",16.2892094792333,1,"3","2","2","3","2","2"
"749",14.0764155704528,1,"2","2","1","2","1","3"
"750",13.8209485518979,0,"2","2","1","1","1","3"
"751",26.8932369612157,1,"3","3","1","2","2","2"
"752",18.0486772304866,1,"1","1","1","2","1","3"
"753",18.9772463019472,1,"3","2","1","2","1","3"
"754",64.5121823740192,0,"1","3","1","1","1","2"
"755",66.7075351478998,0,"1","2","3","1","1","2"
"756",63.3495117651764,0,"2","3","1","1","1","2"
"757",4.45011033443734,1,"2","2","3","1","1","3"
"758",7.54052943449933,0,"2","2","1","1","1","1"
"759",43.4267146302154,0,"2","3","1","1","1","2"
"760",22.1710332403658,0,"1","3","1","1","1","1"
"761",4.24486728501506,1,"2","1","1","1","1","1"
"762",40.8445059144869,1,"2","2","1","3","1","3"
"763",2.53497551428154,1,"2","3","1","1","1","2"
"764",11.9203330552205,0,"1","1","1","2","1","2"
"765",36.9767912263051,1,"1","2","1","1","1","3"
"766",65.568836882012,0,"1","2","1","1","1","3"
"767",17.6328465416329,0,"3","2","1","2","1","3"
"768",38.7733622626867,0,"2","1","1","1","2","3"
"769",39.6462157700909,0,"1","1","1","1","1","2"
"770",58.2934683973435,0,"1","2","1","1","1","1"
"771",56.1359099864494,1,"1","2","3","3","1","3"
"772",60.5418142934795,0,"1","3","2","1","2","2"
"773",10.3088619187474,1,"2","1","2","1","2","3"
"774",22.9931604420766,0,"1","1","2","2","1","1"
"775",42.988897527568,1,"2","1","1","1","1","2"
"776",56.7557266447693,1,"2","3","1","1","2","2"
"777",45.1534956172109,1,"1","2","2","2","1","3"
"778",14.2501688238699,1,"1","2","1","3","2","1"
"779",21.2202129026409,1,"3","3","1","3","2","1"
"780",0.342521019047126,1,"2","1","1","1","1","2"
"781",21.7805933300406,1,"2","2","1","3","2","1"
"782",0.94242621329613,1,"2","3","1","3","1","3"
"783",43.6999390909215,0,"2","2","1","2","1","2"
"784",4.57412135205232,1,"3","3","1","1","1","3"
"785",8.59407802298665,1,"2","3","2","3","1","3"
"786",37.7487759636715,1,"2","3","2","3","1","2"
"787",16.6149646137608,0,"2","2","1","3","2","3"
"788",23.3273600502871,1,"2","3","2","3","1","3"
"789",25.9455388560891,1,"1","1","1","2","1","3"
"790",5.54102821825072,0,"1","1","1","1","1","3"
"791",34.8995682261884,1,"1","2","2","3","1","3"
"792",15.547037439188,1,"1","1","1","3","2","1"
"793",21.5116294870153,0,"1","2","2","3","1","3"
"794",17.1117778378539,1,"3","2","1","2","1","2"
"795",2.66861392883584,1,"2","2","2","1","2","3"
"796",3.59734645695426,1,"1","3","1","2","2","1"
"797",69.9804934710264,0,"2","1","1","1","1","3"
"798",8.16773808002472,1,"3","1","1","1","1","2"
"799",2.86380574805662,1,"3","1","1","1","1","1"
"800",59.5285704787821,0,"2","2","1","2","1","2"
"801",1.03426412469707,0,"1","2","1","1","2","2"
"802",9.04361237585545,1,"2","3","1","1","1","1"
"803",19.4093692230526,1,"2","2","1","3","1","3"
"804",24.5794753711671,1,"2","2","2","3","1","1"
"805",65.2992559056729,0,"2","2","1","1","1","1"
"806",24.5331060774624,1,"2","3","1","3","1","1"
"807",64.9903964877594,0,"2","2","2","3","1","2"
"808",1.08158180606551,1,"3","2","1","3","1","3"
"809",33.1769807985751,0,"1","1","1","2","1","1"
"810",26.8396706010448,0,"2","2","1","2","1","1"
"811",3.34366508293897,1,"3","3","1","2","1","3"
"812",12.8833114039153,1,"1","1","2","1","1","3"
"813",2.67476904089563,1,"3","3","1","1","1","3"
"814",43.4511780729517,1,"1","3","1","1","1","2"
"815",25.6108495872468,1,"2","2","1","1","1","1"
"816",3.0794407974463,1,"1","1","2","1","2","1"
"817",31.9613059386611,1,"2","2","1","2","1","3"
"818",36.4006604412571,1,"2","2","1","2","1","3"
"819",23.1091483538039,1,"2","2","1","3","1","2"
"820",12.4202186204493,1,"2","1","1","3","1","2"
"821",8.61634512059391,1,"2","2","1","3","1","1"
"822",4.72142257727683,1,"2","2","1","3","2","2"
"823",28.1856645047665,1,"2","2","1","3","2","2"
"824",32.9460991034284,1,"1","2","1","1","1","2"
"825",27.9368250481784,1,"1","1","1","3","1","3"
"826",34.2266417508945,1,"1","2","1","1","1","3"
"827",18.4668870663736,1,"2","2","1","2","1","1"
"828",2.35975685762241,1,"3","3","1","3","1","1"
"829",59.2835298422724,0,"3","2","1","2","1","2"
"830",50.1603647288866,1,"1","3","1","1","1","3"
"831",28.1224014180712,0,"2","2","1","2","1","2"
"832",34.3958570845425,1,"1","2","3","1","1","3"
"833",59.3904974625912,0,"2","3","2","1","1","1"
"834",28.5096918920521,0,"2","2","1","2","2","2"
"835",40.2379010077566,1,"1","2","1","2","1","3"
"836",12.4035091847181,1,"2","3","1","2","1","1"
"837",2.10241417398211,0,"2","2","1","3","1","3"
"838",31.635912436177,0,"3","1","1","1","1","2"
"839",39.1778261093423,1,"1","3","1","1","1","3"
"840",43.762718498148,0,"2","2","3","1","2","2"
"841",12.7727212321479,0,"1","2","2","3","1","1"
"842",51.8725706172176,0,"1","3","1","3","1","2"
"843",3.07218313100748,1,"3","1","2","3","2","1"
"844",1.85606545768678,1,"2","3","2","3","1","3"
"845",58.8196010908578,0,"2","2","1","3","1","2"
"846",22.5386316936929,1,"2","2","1","2","1","3"
"847",4.63294088491239,1,"2","1","2","3","1","1"
"848",22.3078369668219,1,"2","2","1","2","1","2"
"849",49.2868740762584,0,"2","3","1","1","2","2"
"850",63.2209080574103,0,"3","2","1","1","1","2"
"851",43.0886786815478,0,"1","3","2","2","2","1"
"852",26.12298518233,1,"1","3","1","1","1","2"
"853",4.76697432226501,1,"2","1","1","2","1","1"
"854",57.0901432100218,0,"2","1","2","3","2","1"
"855",46.1088239394594,1,"1","3","2","1","1","3"
"856",0.0304529443383217,1,"3","1","1","2","2","2"
"857",3.49574830965139,1,"2","3","1","2","1","3"
"858",5.91053100116551,1,"2","1","1","3","1","2"
"859",0.0432640092913061,1,"1","2","1","1","1","3"
"860",2.34084373340011,1,"2","2","1","1","1","2"
"861",59.5964000162203,0,"1","3","3","1","1","2"
"862",41.0298595856875,1,"1","3","1","1","2","2"
"863",61.4903461912181,0,"1","2","2","1","1","3"
"864",5.63833548501134,1,"2","2","1","1","1","3"
"865",53.1300912725274,1,"2","2","1","2","2","1"
"866",27.2281665932387,1,"2","3","1","2","2","3"
"867",23.5042980541941,0,"1","1","3","2","1","3"
"868",25.1442289259285,1,"2","2","1","1","1","2"
"869",21.2935044648126,0,"3","2","2","3","1","3"
"870",9.70864898525178,1,"2","3","1","1","2","3"
"871",40.8119184859097,1,"3","2","1","3","1","2"
"872",21.4958725183504,0,"1","3","1","2","1","2"
"873",5.62948909774423,1,"2","1","1","1","1","1"
"874",49.9650189669337,1,"1","3","1","1","1","2"
"875",8.33277225045022,0,"1","3","2","1","1","3"
"876",3.15713741676882,0,"1","3","1","3","1","2"
"877",36.0102601218969,1,"2","1","2","1","2","2"
"878",6.87753002345562,1,"3","1","1","3","1","3"
"879",57.9780701596756,0,"1","3","1","1","1","3"
"880",8.8402841091156,1,"1","3","1","2","1","1"
"881",25.4634600412101,1,"2","2","3","1","2","1"
"882",44.8792508954648,1,"1","1","2","2","1","2"
"883",42.2911120914854,0,"2","2","1","3","2","2"
"884",38.6435349211097,1,"1","3","1","1","2","2"
"885",15.490431746305,0,"1","1","1","3","2","3"
"886",40.4097407376394,1,"2","2","1","1","1","2"
"887",56.9152159392834,1,"2","3","1","2","2","2"
"888",15.1530913447496,1,"2","2","1","1","2","1"
"889",13.3304922004463,0,"3","2","2","2","1","3"
"890",3.35566493449733,1,"3","1","3","2","2","3"
"891",35.9463603757322,1,"1","2","1","1","1","3"
"892",17.8426764465403,1,"1","3","1","3","2","1"
"893",10.4811638016254,1,"2","3","1","2","2","3"
"894",11.1060696523637,1,"3","2","1","2","2","1"
"895",1.47414219107013,0,"1","2","1","2","1","2"
"896",17.1811801579315,1,"2","2","1","2","1","3"
"897",1.11524809966795,1,"3","1","1","3","1","3"
"898",11.3438726197928,1,"3","1","1","1","1","3"
"899",26.4358768154867,0,"2","1","3","3","1","1"
"900",3.44972922699526,1,"3","3","1","1","1","3"
"901",27.1788138095289,1,"2","2","1","1","2","1"
"902",2.72303412668407,1,"2","3","1","2","1","3"
"903",2.75918619707227,1,"3","3","1","3","2","3"
"904",48.1136414874345,1,"1","2","1","1","1","3"
"905",62.803194019245,0,"1","1","1","2","2","1"
"906",19.7614905915689,1,"1","2","1","1","1","2"
"907",24.1744041349739,1,"2","2","1","2","1","3"
"908",1.82509661302902,1,"3","3","1","3","2","3"
"909",67.2000846054871,0,"3","2","1","1","1","1"
"910",56.6563357636333,1,"3","3","1","1","1","2"
"911",64.0456339044031,0,"2","3","1","3","1","3"
"912",7.86723224259913,1,"2","2","1","3","1","3"
"913",1.25980998349842,0,"2","1","1","1","1","1"
"914",17.0155178387649,1,"1","2","2","1","1","3"
"915",19.0890558785759,1,"1","1","1","2","1","3"
"916",61.0846876518335,0,"1","3","1","1","2","1"
"917",23.572248297045,1,"1","1","1","1","1","3"
"918",40.5818850854412,1,"1","2","1","2","2","3"
"919",42.712415379053,0,"1","1","1","1","1","1"
"920",2.73314805352129,1,"3","3","1","2","1","2"
"921",11.1972128078341,1,"3","1","1","2","1","3"
"922",6.54629976479337,0,"1","1","1","3","1","3"
"923",14.5625659369398,1,"3","2","1","3","1","3"
"924",12.567642999813,1,"2","1","2","1","2","1"
"925",9.13810514472425,1,"1","1","1","3","1","1"
"926",24.7370071765035,1,"1","2","1","3","1","3"
"927",45.5288375199772,0,"2","3","1","1","2","1"
"928",67.2193132652901,0,"1","2","1","1","1","1"
"929",46.4307843447663,0,"1","2","2","3","1","3"
"930",3.03887428133748,1,"2","2","1","2","1","3"
"931",4.35332085981499,0,"2","2","1","2","1","3"
"932",47.827813042677,0,"2","3","1","1","1","2"
"933",34.1572603182867,1,"3","2","1","1","2","2"
"934",48.1713077169843,1,"3","2","2","1","1","3"
"935",10.6606226190925,1,"2","2","1","2","1","1"
"936",22.0050438591279,1,"2","3","2","1","2","1"
"937",9.75978679768741,1,"2","2","3","3","1","1"
"938",60.4707599112298,0,"1","2","2","2","1","1"
"939",62.043313347036,0,"1","2","2","3","1","2"
"940",22.4473481606692,1,"1","2","1","3","1","1"
"941",2.7601503697224,1,"3","3","2","1","2","1"
"942",4.92486215662211,1,"1","3","1","3","1","1"
"943",1.99890155345201,1,"3","1","2","3","2","1"
"944",0.403860689839348,1,"2","1","1","1","2","3"
"945",2.83785049868748,0,"1","2","1","1","1","2"
"946",1.09233236289583,1,"3","1","1","3","1","2"
"947",68.9872386145871,0,"1","3","1","2","1","2"
"948",21.2400367413647,1,"1","2","1","1","1","1"
"949",20.7327897381037,1,"3","2","1","3","1","2"
"950",14.6413253969513,1,"1","1","1","3","1","1"
"951",0.589730819920078,1,"2","1","3","1","2","2"
"952",20.5836825689767,0,"1","1","1","3","2","2"
"953",12.4650434926152,1,"2","1","1","3","1","3"
"954",13.8521354056429,1,"2","1","1","3","1","2"
"955",2.36770427785814,1,"2","2","1","1","2","2"
"956",3.73784586554393,1,"2","1","1","1","1","3"
"957",24.0500937923789,1,"2","1","1","1","1","3"
"958",35.6939360536635,1,"2","3","2","2","1","2"
"959",5.82488937675953,1,"2","1","1","3","1","3"
"960",69.3428779519163,0,"2","1","1","1","1","2"
"961",62.6835515233688,0,"2","2","1","3","1","1"
"962",4.48238648008555,1,"2","3","2","1","1","1"
"963",13.2646179528208,0,"1","2","2","1","1","2"
"964",36.9964471245185,1,"2","1","1","1","1","3"
"965",21.6529266036116,0,"2","3","2","2","1","2"
"966",30.540292724967,1,"1","3","1","3","1","1"
"967",35.4039346566424,1,"1","2","3","2","1","1"
"968",14.5944021693431,1,"1","2","2","2","2","3"
"969",56.4196706444491,1,"3","2","1","2","1","2"
"970",28.4472055863589,1,"1","1","1","2","1","3"
"971",11.7970181722194,1,"3","1","1","2","1","1"
"972",61.25689437869,0,"1","3","1","2","1","3"
"973",11.6282523208531,0,"2","2","3","3","1","3"
"974",69.2589126946405,0,"1","2","1","1","1","2"
"975",3.77953388346359,0,"1","1","1","2","1","2"
"976",24.8000632207841,1,"1","3","1","3","2","3"
"977",63.5432153316215,0,"2","3","2","2","1","1"
"978",10.3990378417075,1,"2","2","3","2","1","1"
"979",33.2002082634717,1,"2","3","1","3","1","2"
"980",0.485960646765307,1,"3","3","3","1","1","1"
"981",2.5540733197704,1,"2","3","1","3","1","3"
"982",2.0100485419156,0,"3","2","1","2","1","2"
"983",15.7495499868179,0,"3","2","1","3","1","2"
"984",13.4865491739474,1,"1","1","1","3","1","2"
"985",2.53831280025188,0,"2","1","1","3","1","1"
"986",6.36588466726243,1,"3","1","1","2","1","3"
"987",2.64315439853817,1,"1","2","1","2","2","3"
"988",3.61563519574702,1,"2","1","1","1","1","3"
"989",33.7165772886947,1,"1","3","1","1","1","3"
"990",17.1483179037692,0,"2","3","2","2","1","2"
"991",59.6471783150919,0,"2","2","2","2","1","2"
"992",1.68416372267529,1,"3","1","1","2","1","1"
"993",64.7055038101971,0,"1","2","1","2","1","2"
"994",9.23191688582301,1,"3","1","2","1","2","1"
"995",59.2541990794707,0,"3","2","2","1","1","3"
"996",25.5657930858433,1,"1","1","2","3","1","2"
"997",3.91919989138842,1,"2","2","2","1","1","3"
"998",6.6913710957393,0,"1","1","1","3","1","2"
"999",14.0198896180373,1,"1","3","1","3","1","1"
"1000",7.33706725761294,1,"2","1","1","2","1","3"
